CAD Net,RefDes,Pin Number,X (in),Y (in),Padstack,Width (in),Height (in),Start Layer,End Layer,
NetC36_1,C36,1,31.401009,17.484903,Pad_1,0.059055,0.051181,"Top Layer","Top Layer"
GND,C36,2,31.401009,17.417974,Pad_1,0.059055,0.051181,"Top Layer","Top Layer"
GND,D2,1,30.754291,15.405117,Pad_2,0.043307,0.041339,"Top Layer","Top Layer"
NetD2_2,D2,2,30.754291,15.471849,Pad_3,0.043307,0.023622,"Top Layer","Top Layer"
NetD2_3,D2,3,30.66374,15.471849,Pad_3,0.043307,0.023622,"Top Layer","Top Layer"
VCC-5V,D2,4,30.66374,15.396259,Pad_3,0.043307,0.023622,"Top Layer","Top Layer"
24V,D7,1,29.772706,17.231736,Pad_4,0.052756,0.070866,"Top Layer","Top Layer"
Relay1,D7,2,29.885304,17.231736,Pad_4,0.052756,0.070866,"Top Layer","Top Layer"
NetC36_1,D9,2,31.399084,17.594598,Pad_5,0.09252,0.061024,"Top Layer","Top Layer"
NetC35_1,D9,1,31.568375,17.594598,Pad_5,0.09252,0.061024,"Top Layer","Top Layer"
3V3,L1,1,31.053418,16.061461,Pad_6,0.047244,0.074803,"Top Layer","Top Layer"
VDD,L1,2,30.964333,16.150545,Pad_6,0.047244,0.074803,"Top Layer","Top Layer"
GND,R45,2,32.729808,16.765126,Pad_7,0.03937,0.035433,"Top Layer","Top Layer"
NetR41_2,R45,1,32.729808,16.832056,Pad_7,0.03937,0.035433,"Top Layer","Top Layer"
NRST,S1,1_1,30.753632,15.901593,Pad_8,0.082677,0.055118,"Top Layer","Top Layer"
GND,S1,2_1,30.753632,15.726002,Pad_8,0.082677,0.055118,"Top Layer","Top Layer"
NRST,S1,1,30.395365,15.901593,Pad_8,0.082677,0.055118,"Top Layer","Top Layer"
GND,S1,2,30.395365,15.726002,Pad_8,0.082677,0.055118,"Top Layer","Top Layer"
GND,U2,2,31.960802,15.024704,Pad_9,0.412992,0.329921,"Top Layer","Top Layer"
12V,U2,1,32.060802,15.426791,Pad_10,0.04,0.137953,"Top Layer","Top Layer"
5V,U2,3,31.860802,15.426791,Pad_10,0.04,0.137953,"Top Layer","Top Layer"
5V,U3,1,31.622719,15.423602,Pad_11,0.062992,0.11811,"Top Layer","Top Layer"
3V3,U3,3,31.442719,15.423602,Pad_11,0.062992,0.11811,"Top Layer","Top Layer"
GND,U3,2,31.532719,15.140924,Pad_12,0.228346,0.244095,"Top Layer","Top Layer"
24V,U4,9,30.092107,16.644612,Pad_13,0.059055,0.021654,"Top Layer","Top Layer"
Unconnected_Net,U4,10,30.092107,16.594612,Pad_13,0.059055,0.021654,"Top Layer","Top Layer"
Unconnected_Net,U4,11,30.092107,16.544612,Pad_13,0.059055,0.021654,"Top Layer","Top Layer"
Relay1,U4,12,30.092107,16.494612,Pad_13,0.059055,0.021654,"Top Layer","Top Layer"
Relay2,U4,13,30.092107,16.444612,Pad_13,0.059055,0.021654,"Top Layer","Top Layer"
Relay3,U4,14,30.092107,16.394612,Pad_13,0.059055,0.021654,"Top Layer","Top Layer"
Relay5,U4,15,30.092107,16.344612,Pad_13,0.059055,0.021654,"Top Layer","Top Layer"
Relay4,U4,16,30.092107,16.294612,Pad_13,0.059055,0.021654,"Top Layer","Top Layer"
GND,U4,8,30.304706,16.644612,Pad_13,0.059055,0.021654,"Top Layer","Top Layer"
Unconnected_Net,U4,7,30.304706,16.594612,Pad_13,0.059055,0.021654,"Top Layer","Top Layer"
Unconnected_Net,U4,6,30.304706,16.544612,Pad_13,0.059055,0.021654,"Top Layer","Top Layer"
DRIVE1,U4,5,30.304706,16.494612,Pad_13,0.059055,0.021654,"Top Layer","Top Layer"
DRIVE2,U4,4,30.304706,16.444612,Pad_13,0.059055,0.021654,"Top Layer","Top Layer"
DRIVE3,U4,3,30.304706,16.394612,Pad_13,0.059055,0.021654,"Top Layer","Top Layer"
DRIVE5,U4,2,30.304706,16.344612,Pad_13,0.059055,0.021654,"Top Layer","Top Layer"
DRIVE4,U4,1,30.304706,16.294612,Pad_13,0.059055,0.021654,"Top Layer","Top Layer"
GND,U5,25,31.016102,15.486613,Pad_14,0.100394,0.100394,"Top Layer","Top Layer"
Unconnected_Net,U5,1,30.939331,15.535826,Pad_15,0.023622,0.007874,"Top Layer","Top Layer"
GND,U5,2,30.939331,15.516141,Pad_15,0.023622,0.007874,"Top Layer","Top Layer"
NetD2_2,U5,4,30.939331,15.476771,Pad_15,0.023622,0.007874,"Top Layer","Top Layer"
VDD_3V3,U5,5,30.939331,15.457085,Pad_15,0.023622,0.007874,"Top Layer","Top Layer"
VDD_3V3,U5,6,30.939331,15.4374,Pad_15,0.023622,0.007874,"Top Layer","Top Layer"
VCC-5V,U5,7,30.96689,15.409841,Pad_15,0.007874,0.023622,"Top Layer","Top Layer"
VBUS,U5,8,30.986575,15.409841,Pad_15,0.007874,0.023622,"Top Layer","Top Layer"
NetR4_2,U5,9,31.00626,15.409841,Pad_15,0.007874,0.023622,"Top Layer","Top Layer"
Unconnected_Net,U5,10,31.025945,15.409841,Pad_15,0.007874,0.023622,"Top Layer","Top Layer"
Unconnected_Net,U5,11,31.04563,15.409841,Pad_15,0.007874,0.023622,"Top Layer","Top Layer"
Unconnected_Net,U5,12,31.065315,15.409841,Pad_15,0.007874,0.023622,"Top Layer","Top Layer"
NetRX1_1,U5,13,31.092874,15.4374,Pad_15,0.023622,0.007874,"Top Layer","Top Layer"
NetTX1_1,U5,14,31.092874,15.457085,Pad_15,0.023622,0.007874,"Top Layer","Top Layer"
Unconnected_Net,U5,15,31.092874,15.476771,Pad_15,0.023622,0.007874,"Top Layer","Top Layer"
Unconnected_Net,U5,16,31.092874,15.496456,Pad_15,0.023622,0.007874,"Top Layer","Top Layer"
Unconnected_Net,U5,17,31.092874,15.516141,Pad_15,0.023622,0.007874,"Top Layer","Top Layer"
Unconnected_Net,U5,18,31.092874,15.535826,Pad_15,0.023622,0.007874,"Top Layer","Top Layer"
Unconnected_Net,U5,19,31.065315,15.563385,Pad_15,0.007874,0.023622,"Top Layer","Top Layer"
NetR5_2,U5,20,31.04563,15.563385,Pad_15,0.007874,0.023622,"Top Layer","Top Layer"
Unconnected_Net,U5,22,31.00626,15.563385,Pad_15,0.007874,0.023622,"Top Layer","Top Layer"
Unconnected_Net,U5,23,30.986575,15.563385,Pad_15,0.007874,0.023622,"Top Layer","Top Layer"
Unconnected_Net,U5,24,30.96689,15.563385,Pad_15,0.007874,0.023622,"Top Layer","Top Layer"
NetD2_3,U5,3,30.939331,15.496456,Pad_15,0.023622,0.007874,"Top Layer","Top Layer"
NetR3_2,U5,21,31.025945,15.563385,Pad_15,0.007874,0.023622,"Top Layer","Top Layer"
Unconnected_Net,U6,1,30.539944,16.580967,Pad_16,0.012,0.047,"Top Layer","Top Layer"
Unconnected_Net,U6,2,30.553863,16.567047,Pad_16,0.012,0.047,"Top Layer","Top Layer"
Unconnected_Net,U6,3,30.567783,16.553128,Pad_16,0.012,0.047,"Top Layer","Top Layer"
Unconnected_Net,U6,4,30.581702,16.539209,Pad_16,0.012,0.047,"Top Layer","Top Layer"
Unconnected_Net,U6,5,30.595622,16.525289,Pad_16,0.012,0.047,"Top Layer","Top Layer"
VDD,U6,6,30.609541,16.51137,Pad_16,0.012,0.047,"Top Layer","Top Layer"
Unconnected_Net,U6,7,30.62346,16.49745,Pad_16,0.012,0.047,"Top Layer","Top Layer"
Unconnected_Net,U6,8,30.63738,16.483531,Pad_16,0.012,0.047,"Top Layer","Top Layer"
Unconnected_Net,U6,9,30.651299,16.469611,Pad_16,0.012,0.047,"Top Layer","Top Layer"
Unconnected_Net,U6,10,30.665219,16.455692,Pad_16,0.012,0.047,"Top Layer","Top Layer"
Unconnected_Net,U6,11,30.679138,16.441773,Pad_16,0.012,0.047,"Top Layer","Top Layer"
Unconnected_Net,U6,12,30.693057,16.427853,Pad_16,0.012,0.047,"Top Layer","Top Layer"
Unconnected_Net,U6,13,30.706977,16.413934,Pad_16,0.012,0.047,"Top Layer","Top Layer"
NRST,U6,14,30.720896,16.400014,Pad_16,0.012,0.047,"Top Layer","Top Layer"
Unconnected_Net,U6,15,30.734816,16.386095,Pad_16,0.012,0.047,"Top Layer","Top Layer"
Unconnected_Net,U6,16,30.748735,16.372175,Pad_16,0.012,0.047,"Top Layer","Top Layer"
Unconnected_Net,U6,17,30.762655,16.358256,Pad_16,0.012,0.047,"Top Layer","Top Layer"
Unconnected_Net,U6,18,30.776574,16.344337,Pad_16,0.012,0.047,"Top Layer","Top Layer"
Unconnected_Net,U6,19,30.790493,16.330417,Pad_16,0.012,0.047,"Top Layer","Top Layer"
GND,U6,20,30.804413,16.316498,Pad_16,0.012,0.047,"Top Layer","Top Layer"
VDD,U6,21,30.818332,16.302578,Pad_16,0.012,0.047,"Top Layer","Top Layer"
VDD,U6,22,30.832252,16.288659,Pad_16,0.012,0.047,"Top Layer","Top Layer"
DRIVE1,U6,23,30.846171,16.274739,Pad_16,0.012,0.047,"Top Layer","Top Layer"
DRIVE2,U6,24,30.860091,16.26082,Pad_16,0.012,0.047,"Top Layer","Top Layer"
DRIVE3,U6,25,30.87401,16.246901,Pad_16,0.012,0.047,"Top Layer","Top Layer"
DRIVE4,U6,26,30.971446,16.246901,Pad_16,0.012,0.047,"Top Layer","Top Layer"
Unconnected_Net,U6,27,30.985365,16.26082,Pad_16,0.012,0.047,"Top Layer","Top Layer"
VDD,U6,28,30.999285,16.274739,Pad_16,0.012,0.047,"Top Layer","Top Layer"
DRIVE5,U6,29,31.013204,16.288659,Pad_16,0.012,0.047,"Top Layer","Top Layer"
NetU6_30,U6,30,31.027124,16.302578,Pad_16,0.012,0.047,"Top Layer","Top Layer"
SELECT,U6,31,31.041043,16.316498,Pad_16,0.012,0.047,"Top Layer","Top Layer"
Unconnected_Net,U6,32,31.054963,16.330417,Pad_16,0.012,0.047,"Top Layer","Top Layer"
SDADC17,U6,35,31.096721,16.372175,Pad_16,0.012,0.047,"Top Layer","Top Layer"
SDADC18,U6,36,31.11064,16.386095,Pad_16,0.012,0.047,"Top Layer","Top Layer"
SDADC19,U6,37,31.12456,16.400014,Pad_16,0.012,0.047,"Top Layer","Top Layer"
SDADC11,U6,38,31.138479,16.413934,Pad_16,0.012,0.047,"Top Layer","Top Layer"
SDADC12,U6,39,31.152398,16.427853,Pad_16,0.012,0.047,"Top Layer","Top Layer"
SDADC13,U6,40,31.166318,16.441773,Pad_16,0.012,0.047,"Top Layer","Top Layer"
SDADC14,U6,41,31.180237,16.455692,Pad_16,0.012,0.047,"Top Layer","Top Layer"
SDADC15,U6,42,31.194157,16.469611,Pad_16,0.012,0.047,"Top Layer","Top Layer"
SDADC16,U6,43,31.208076,16.483531,Pad_16,0.012,0.047,"Top Layer","Top Layer"
Unconnected_Net,U6,44,31.221996,16.49745,Pad_16,0.012,0.047,"Top Layer","Top Layer"
Unconnected_Net,U6,45,31.235915,16.51137,Pad_16,0.012,0.047,"Top Layer","Top Layer"
Unconnected_Net,U6,46,31.249835,16.525289,Pad_16,0.012,0.047,"Top Layer","Top Layer"
Unconnected_Net,U6,47,31.263754,16.539209,Pad_16,0.012,0.047,"Top Layer","Top Layer"
GND,U6,48,31.277673,16.553128,Pad_16,0.012,0.047,"Top Layer","Top Layer"
GND,U6,49,31.291593,16.567047,Pad_16,0.012,0.047,"Top Layer","Top Layer"
VDD,U6,50,31.305512,16.580967,Pad_16,0.012,0.047,"Top Layer","Top Layer"
VDD,U6,51,31.305512,16.678403,Pad_16,0.012,0.047,"Top Layer","Top Layer"
VREFSD+,U6,52,31.291593,16.692322,Pad_16,0.012,0.047,"Top Layer","Top Layer"
Unconnected_Net,U6,53,31.277673,16.706242,Pad_16,0.012,0.047,"Top Layer","Top Layer"
Unconnected_Net,U6,54,31.263754,16.720161,Pad_16,0.012,0.047,"Top Layer","Top Layer"
Unconnected_Net,U6,62,31.152398,16.831517,Pad_16,0.012,0.047,"Top Layer","Top Layer"
Unconnected_Net,U6,63,31.138479,16.845436,Pad_16,0.012,0.047,"Top Layer","Top Layer"
Unconnected_Net,U6,64,31.12456,16.859355,Pad_16,0.012,0.047,"Top Layer","Top Layer"
Unconnected_Net,U6,65,31.11064,16.873275,Pad_16,0.012,0.047,"Top Layer","Top Layer"
Unconnected_Net,U6,66,31.096721,16.887194,Pad_16,0.012,0.047,"Top Layer","Top Layer"
Unconnected_Net,U6,67,31.082801,16.901114,Pad_16,0.012,0.047,"Top Layer","Top Layer"
Unconnected_Net,U6,68,31.068882,16.915033,Pad_16,0.012,0.047,"Top Layer","Top Layer"
Unconnected_Net,U6,69,31.054963,16.928952,Pad_16,0.012,0.047,"Top Layer","Top Layer"
Unconnected_Net,U6,70,31.041043,16.942872,Pad_16,0.012,0.047,"Top Layer","Top Layer"
Unconnected_Net,U6,71,31.027124,16.956791,Pad_16,0.012,0.047,"Top Layer","Top Layer"
NetJ11_5,U6,72,31.013204,16.970711,Pad_16,0.012,0.047,"Top Layer","Top Layer"
Unconnected_Net,U6,73,30.999285,16.98463,Pad_16,0.012,0.047,"Top Layer","Top Layer"
GND,U6,74,30.985365,16.99855,Pad_16,0.012,0.047,"Top Layer","Top Layer"
VDD,U6,75,30.971446,17.012469,Pad_16,0.012,0.047,"Top Layer","Top Layer"
NetJ11_1,U6,76,30.87401,17.012469,Pad_16,0.012,0.047,"Top Layer","Top Layer"
Unconnected_Net,U6,77,30.860091,16.99855,Pad_16,0.012,0.047,"Top Layer","Top Layer"
Unconnected_Net,U6,78,30.846171,16.98463,Pad_16,0.012,0.047,"Top Layer","Top Layer"
Unconnected_Net,U6,79,30.832252,16.970711,Pad_16,0.012,0.047,"Top Layer","Top Layer"
Unconnected_Net,U6,80,30.818332,16.956791,Pad_16,0.012,0.047,"Top Layer","Top Layer"
Unconnected_Net,U6,81,30.804413,16.942872,Pad_16,0.012,0.047,"Top Layer","Top Layer"
Unconnected_Net,U6,82,30.790493,16.928952,Pad_16,0.012,0.047,"Top Layer","Top Layer"
Unconnected_Net,U6,83,30.776574,16.915033,Pad_16,0.012,0.047,"Top Layer","Top Layer"
Unconnected_Net,U6,84,30.762655,16.901114,Pad_16,0.012,0.047,"Top Layer","Top Layer"
Unconnected_Net,U6,85,30.748735,16.887194,Pad_16,0.012,0.047,"Top Layer","Top Layer"
Unconnected_Net,U6,86,30.734816,16.873275,Pad_16,0.012,0.047,"Top Layer","Top Layer"
Unconnected_Net,U6,87,30.720896,16.859355,Pad_16,0.012,0.047,"Top Layer","Top Layer"
Unconnected_Net,U6,88,30.706977,16.845436,Pad_16,0.012,0.047,"Top Layer","Top Layer"
GPIO1,U6,89,30.693057,16.831517,Pad_16,0.012,0.047,"Top Layer","Top Layer"
GPIO2,U6,90,30.679138,16.817597,Pad_16,0.012,0.047,"Top Layer","Top Layer"
Unconnected_Net,U6,91,30.665219,16.803678,Pad_16,0.012,0.047,"Top Layer","Top Layer"
GPIO3,U6,92,30.651299,16.789758,Pad_16,0.012,0.047,"Top Layer","Top Layer"
GPIO4,U6,93,30.63738,16.775839,Pad_16,0.012,0.047,"Top Layer","Top Layer"
NetR6_1,U6,94,30.62346,16.761919,Pad_16,0.012,0.047,"Top Layer","Top Layer"
Unconnected_Net,U6,95,30.609541,16.748,Pad_16,0.012,0.047,"Top Layer","Top Layer"
Unconnected_Net,U6,96,30.595622,16.734081,Pad_16,0.012,0.047,"Top Layer","Top Layer"
Unconnected_Net,U6,97,30.581702,16.720161,Pad_16,0.012,0.047,"Top Layer","Top Layer"
Unconnected_Net,U6,98,30.567783,16.706242,Pad_16,0.012,0.047,"Top Layer","Top Layer"
GND,U6,99,30.553863,16.692322,Pad_16,0.012,0.047,"Top Layer","Top Layer"
VDD,U6,100,30.539944,16.678403,Pad_16,0.012,0.047,"Top Layer","Top Layer"
SDADC32,U6,56,31.235915,16.748,Pad_16,0.012,0.047,"Top Layer","Top Layer"
SDADC34,U6,58,31.208076,16.775839,Pad_16,0.012,0.047,"Top Layer","Top Layer"
SDADC35,U6,59,31.194157,16.789758,Pad_16,0.012,0.047,"Top Layer","Top Layer"
SDADC36,U6,60,31.180237,16.803678,Pad_16,0.012,0.047,"Top Layer","Top Layer"
SDADC37,U6,61,31.166318,16.817597,Pad_16,0.012,0.047,"Top Layer","Top Layer"
SDADC33,U6,57,31.221996,16.761919,Pad_16,0.012,0.047,"Top Layer","Top Layer"
SDADC31,U6,55,31.249835,16.734081,Pad_16,0.012,0.047,"Top Layer","Top Layer"
NetR3_1,U6,33,31.068882,16.344337,Pad_16,0.012,0.047,"Top Layer","Top Layer"
NetR5_1,U6,34,31.082801,16.358256,Pad_16,0.012,0.047,"Top Layer","Top Layer"
NetC35_1,U7,2_1,31.073464,17.980399,Pad_17,0.068898,0.125984,"Top Layer","Top Layer"
12V,U7,3,31.321496,18.070951,Pad_18,0.068898,0.037402,"Top Layer","Top Layer"
NetC35_1,U7,2,31.321496,17.980399,Pad_18,0.068898,0.037402,"Top Layer","Top Layer"
NetC36_1,U7,1,31.321496,17.889848,Pad_18,0.068898,0.037402,"Top Layer","Top Layer"
AUX2-OUT,U15,1,32.714921,17.175078,Pad_19,0.017716,0.058071,"Top Layer","Top Layer"
AUX2-OUT,U15,2,32.689331,17.175078,Pad_19,0.017716,0.058071,"Top Layer","Top Layer"
NetR32_2,U15,3,32.66374,17.175078,Pad_19,0.017716,0.058071,"Top Layer","Top Layer"
3V3,U15,4,32.63815,17.175078,Pad_19,0.017716,0.058071,"Top Layer","Top Layer"
NetR33_2,U15,5,32.612559,17.175078,Pad_19,0.017716,0.058071,"Top Layer","Top Layer"
AUX1-OUT,U15,6,32.586969,17.175078,Pad_19,0.017716,0.058071,"Top Layer","Top Layer"
AUX1-OUT,U15,7,32.561378,17.175078,Pad_19,0.017716,0.058071,"Top Layer","Top Layer"
AUX4-OUT,U15,8,32.561378,16.94374,Pad_19,0.017716,0.058071,"Top Layer","Top Layer"
AUX4-OUT,U15,9,32.586969,16.94374,Pad_19,0.017716,0.058071,"Top Layer","Top Layer"
NetR40_2,U15,10,32.612559,16.94374,Pad_19,0.017716,0.058071,"Top Layer","Top Layer"
GND,U15,11,32.63815,16.94374,Pad_19,0.017716,0.058071,"Top Layer","Top Layer"
NetR41_2,U15,12,32.66374,16.94374,Pad_19,0.017716,0.058071,"Top Layer","Top Layer"
AUX3-OUT,U15,13,32.689331,16.94374,Pad_19,0.017716,0.058071,"Top Layer","Top Layer"
AUX3-OUT,U15,14,32.714921,16.94374,Pad_19,0.017716,0.058071,"Top Layer","Top Layer"
Unconnected_Net,U9,1,32.070004,16.516232,Pad_20,0.03937,0.023622,"Top Layer","Top Layer"
GND,U9,2,32.070004,16.553634,Pad_20,0.03937,0.023622,"Top Layer","Top Layer"
5V,U9,3,32.070004,16.591035,Pad_20,0.03937,0.023622,"Top Layer","Top Layer"
5V,U9,4,31.961736,16.591035,Pad_20,0.03937,0.023622,"Top Layer","Top Layer"
2V5,U9,5,31.961736,16.516232,Pad_20,0.03937,0.023622,"Top Layer","Top Layer"
Unconnected_Net,FID3,F1,33.296828,18.123747,Pad_21,0.03937,0.03937,"Top Layer","Top Layer"
5V,TP2,1,31.861221,15.679488,Pad_21,0.03937,0.03937,"Top Layer","Top Layer"
2V5,U10,48,31.963465,16.384937,Pad_22,0.058071,0.011811,"Top Layer","Top Layer"
2V5,U10,47,31.963465,16.365252,Pad_22,0.058071,0.011811,"Top Layer","Top Layer"
GND,U10,46,31.963465,16.345567,Pad_22,0.058071,0.011811,"Top Layer","Top Layer"
SENSOR0,U10,45,31.963465,16.325882,Pad_22,0.058071,0.011811,"Top Layer","Top Layer"
SENSOR1,U10,44,31.963465,16.306197,Pad_22,0.058071,0.011811,"Top Layer","Top Layer"
GND,U10,43,31.963465,16.286512,Pad_22,0.058071,0.011811,"Top Layer","Top Layer"
2V5,U10,42,31.963465,16.266827,Pad_22,0.058071,0.011811,"Top Layer","Top Layer"
2V5,U10,41,31.963465,16.247142,Pad_22,0.058071,0.011811,"Top Layer","Top Layer"
GND,U10,40,31.963465,16.227457,Pad_22,0.058071,0.011811,"Top Layer","Top Layer"
SENSOR2,U10,39,31.963465,16.207772,Pad_22,0.058071,0.011811,"Top Layer","Top Layer"
SENSOR3,U10,38,31.963465,16.188087,Pad_22,0.058071,0.011811,"Top Layer","Top Layer"
GND,U10,37,31.963465,16.168402,Pad_22,0.058071,0.011811,"Top Layer","Top Layer"
3V3,U10,36,31.963465,16.148717,Pad_22,0.058071,0.011811,"Top Layer","Top Layer"
2V5,U10,35,31.963465,16.129032,Pad_22,0.058071,0.011811,"Top Layer","Top Layer"
2V5,U10,34,31.963465,16.109347,Pad_22,0.058071,0.011811,"Top Layer","Top Layer"
GND,U10,33,31.963465,16.089662,Pad_22,0.058071,0.011811,"Top Layer","Top Layer"
SENSOR4,U10,32,31.963465,16.069977,Pad_22,0.058071,0.011811,"Top Layer","Top Layer"
SENSOR5,U10,31,31.963465,16.050291,Pad_22,0.058071,0.011811,"Top Layer","Top Layer"
GND,U10,30,31.963465,16.030606,Pad_22,0.058071,0.011811,"Top Layer","Top Layer"
2V5,U10,29,31.963465,16.010921,Pad_22,0.058071,0.011811,"Top Layer","Top Layer"
2V5,U10,28,31.963465,15.991236,Pad_22,0.058071,0.011811,"Top Layer","Top Layer"
GND,U10,27,31.963465,15.971551,Pad_22,0.058071,0.011811,"Top Layer","Top Layer"
SENSOR6,U10,26,31.963465,15.951866,Pad_22,0.058071,0.011811,"Top Layer","Top Layer"
SENSOR7,U10,25,31.963465,15.932181,Pad_22,0.058071,0.011811,"Top Layer","Top Layer"
SELECT,U10,24,31.665197,15.932181,Pad_22,0.058071,0.011811,"Top Layer","Top Layer"
SDADC17,U10,23,31.665197,15.951866,Pad_22,0.058071,0.011811,"Top Layer","Top Layer"
GND,U10,22,31.665197,15.971551,Pad_22,0.058071,0.011811,"Top Layer","Top Layer"
SDADC18,U10,21,31.665197,15.991236,Pad_22,0.058071,0.011811,"Top Layer","Top Layer"
GND,U10,20,31.665197,16.010921,Pad_22,0.058071,0.011811,"Top Layer","Top Layer"
3V3,U10,19,31.665197,16.030606,Pad_22,0.058071,0.011811,"Top Layer","Top Layer"
GND,U10,18,31.665197,16.050291,Pad_22,0.058071,0.011811,"Top Layer","Top Layer"
SDADC19,U10,17,31.665197,16.069977,Pad_22,0.058071,0.011811,"Top Layer","Top Layer"
GND,U10,16,31.665197,16.089662,Pad_22,0.058071,0.011811,"Top Layer","Top Layer"
SDADC11,U10,15,31.665197,16.109347,Pad_22,0.058071,0.011811,"Top Layer","Top Layer"
Unconnected_Net,U10,14,31.665197,16.129032,Pad_22,0.058071,0.011811,"Top Layer","Top Layer"
GND,U10,13,31.665197,16.148717,Pad_22,0.058071,0.011811,"Top Layer","Top Layer"
3V3,U10,12,31.665197,16.168402,Pad_22,0.058071,0.011811,"Top Layer","Top Layer"
GND,U10,11,31.665197,16.188087,Pad_22,0.058071,0.011811,"Top Layer","Top Layer"
SDADC12,U10,10,31.665197,16.207772,Pad_22,0.058071,0.011811,"Top Layer","Top Layer"
GND,U10,9,31.665197,16.227457,Pad_22,0.058071,0.011811,"Top Layer","Top Layer"
SDADC13,U10,8,31.665197,16.247142,Pad_22,0.058071,0.011811,"Top Layer","Top Layer"
GND,U10,7,31.665197,16.266827,Pad_22,0.058071,0.011811,"Top Layer","Top Layer"
3V3,U10,6,31.665197,16.286512,Pad_22,0.058071,0.011811,"Top Layer","Top Layer"
GND,U10,5,31.665197,16.306197,Pad_22,0.058071,0.011811,"Top Layer","Top Layer"
SDADC14,U10,4,31.665197,16.325882,Pad_22,0.058071,0.011811,"Top Layer","Top Layer"
GND,U10,3,31.665197,16.345567,Pad_22,0.058071,0.011811,"Top Layer","Top Layer"
SDADC15,U10,2,31.665197,16.365252,Pad_22,0.058071,0.011811,"Top Layer","Top Layer"
3V3,U10,1,31.665197,16.384937,Pad_22,0.058071,0.011811,"Top Layer","Top Layer"
12V,U8,5,31.744187,17.791484,Pad_23,0.047244,0.015748,"Top Layer","Top Layer"
NetQ1_1,U8,4,31.744187,17.740303,Pad_23,0.047244,0.015748,"Top Layer","Top Layer"
NetR11_2,U8,3,31.669384,17.740303,Pad_23,0.047244,0.015748,"Top Layer","Top Layer"
GND,U8,2,31.669384,17.765893,Pad_23,0.047244,0.015748,"Top Layer","Top Layer"
NetU6_30,U8,1,31.669384,17.791484,Pad_23,0.047244,0.015748,"Top Layer","Top Layer"
NetQ1_1,Q1,1,31.829394,17.739207,Pad_24,0.059055,0.023622,"Top Layer","Top Layer"
NetC35_1,Q1,2,31.829394,17.664404,Pad_24,0.059055,0.023622,"Top Layer","Top Layer"
SENSOR-5V,Q1,3,31.904197,17.701805,Pad_24,0.059055,0.023622,"Top Layer","Top Layer"
3V3,C60,2,30.848332,18.036463,Pad_25,0.037402,0.037402,"Top Layer","Top Layer"
GND,C60,1,30.848332,18.095518,Pad_25,0.037402,0.037402,"Top Layer","Top Layer"
3V3,D13,1,30.20812,17.712112,Pad_26,0.082677,0.05315,"Top Layer","Top Layer"
CON-IO4,D13,2,30.20812,17.594002,Pad_26,0.082677,0.05315,"Top Layer","Top Layer"
CON-IO4,C64,2,30.254238,17.386643,Pad_25,0.037402,0.037402,"Top Layer","Top Layer"
GND,C64,1,30.195183,17.386643,Pad_25,0.037402,0.037402,"Top Layer","Top Layer"
GND,R52,2,30.188145,17.321733,Pad_7,0.035433,0.03937,"Top Layer","Top Layer"
CON-IO4,R52,1,30.255074,17.321733,Pad_7,0.035433,0.03937,"Top Layer","Top Layer"
VDD_3V3,VDD,1,30.876339,15.212037,Pad_21,0.03937,0.03937,"Top Layer","Top Layer"
3V3,C1,2,31.441184,15.587381,Pad_25,0.037402,0.037402,"Top Layer","Top Layer"
GND,C1,1,31.382129,15.587381,Pad_25,0.037402,0.037402,"Top Layer","Top Layer"
24V,C2,1,32.537756,15.544389,Pad_25,0.037402,0.037402,"Top Layer","Top Layer"
GND,C2,2,32.596811,15.544389,Pad_25,0.037402,0.037402,"Top Layer","Top Layer"
GND,C3,1,32.596811,15.607381,Pad_25,0.037402,0.037402,"Top Layer","Top Layer"
24V,C3,2,32.537756,15.607381,Pad_25,0.037402,0.037402,"Top Layer","Top Layer"
GND,C4,1,32.39378,15.545284,Pad_25,0.037402,0.037402,"Top Layer","Top Layer"
12V,C4,2,32.334725,15.545284,Pad_25,0.037402,0.037402,"Top Layer","Top Layer"
12V,C5,1,32.334725,15.606588,Pad_25,0.037402,0.037402,"Top Layer","Top Layer"
GND,C5,2,32.39378,15.606588,Pad_25,0.037402,0.037402,"Top Layer","Top Layer"
12V,C6,2,32.060823,15.545284,Pad_25,0.037402,0.037402,"Top Layer","Top Layer"
GND,C6,1,32.001768,15.545284,Pad_25,0.037402,0.037402,"Top Layer","Top Layer"
GND,C7,2,32.003115,15.606588,Pad_25,0.037402,0.037402,"Top Layer","Top Layer"
12V,C7,1,32.062171,15.606588,Pad_25,0.037402,0.037402,"Top Layer","Top Layer"
5V,C8,2,31.860802,15.546358,Pad_25,0.037402,0.037402,"Top Layer","Top Layer"
GND,C8,1,31.801747,15.546358,Pad_25,0.037402,0.037402,"Top Layer","Top Layer"
GND,C9,2,31.801353,15.610334,Pad_25,0.037402,0.037402,"Top Layer","Top Layer"
5V,C9,1,31.860408,15.610334,Pad_25,0.037402,0.037402,"Top Layer","Top Layer"
GND,C10,2,31.564066,15.522885,Pad_25,0.037402,0.037402,"Top Layer","Top Layer"
5V,C10,1,31.623121,15.522885,Pad_25,0.037402,0.037402,"Top Layer","Top Layer"
5V,C11,2,31.624255,15.587381,Pad_25,0.037402,0.037402,"Top Layer","Top Layer"
GND,C11,1,31.5652,15.587381,Pad_25,0.037402,0.037402,"Top Layer","Top Layer"
GND,C12,2,31.382129,15.52242,Pad_25,0.037402,0.037402,"Top Layer","Top Layer"
3V3,C12,1,31.441184,15.52242,Pad_25,0.037402,0.037402,"Top Layer","Top Layer"
GND,C13,1,30.818268,15.40492,Pad_25,0.037402,0.037402,"Top Layer","Top Layer"
VDD_3V3,C13,2,30.877323,15.40492,Pad_25,0.037402,0.037402,"Top Layer","Top Layer"
GND,C14,1,30.818267,15.342831,Pad_25,0.037402,0.037402,"Top Layer","Top Layer"
VDD_3V3,C14,2,30.877322,15.342831,Pad_25,0.037402,0.037402,"Top Layer","Top Layer"
GND,C15,1,30.939331,15.296653,Pad_25,0.037402,0.037402,"Top Layer","Top Layer"
VCC-5V,C15,2,30.998386,15.296653,Pad_25,0.037402,0.037402,"Top Layer","Top Layer"
GND,C16,1,30.997402,15.174605,Pad_25,0.037402,0.037402,"Top Layer","Top Layer"
VCC-5V,C16,2,30.997402,15.23366,Pad_25,0.037402,0.037402,"Top Layer","Top Layer"
GND,C17,2,30.452065,16.768079,Pad_25,0.037402,0.037402,"Top Layer","Top Layer"
VDD,C17,1,30.493823,16.726321,Pad_25,0.037402,0.037402,"Top Layer","Top Layer"
VDD,C18,2,31.021064,17.061168,Pad_25,0.037402,0.037402,"Top Layer","Top Layer"
GND,C18,1,31.062822,17.102926,Pad_25,0.037402,0.037402,"Top Layer","Top Layer"
VDD,C19,2,31.047431,16.229724,Pad_25,0.037402,0.037402,"Top Layer","Top Layer"
GND,C19,1,31.08919,16.187966,Pad_25,0.037402,0.037402,"Top Layer","Top Layer"
VDD,C20,2,30.556351,16.458535,Pad_25,0.037402,0.037402,"Top Layer","Top Layer"
GND,C20,1,30.514592,16.416776,Pad_25,0.037402,0.037402,"Top Layer","Top Layer"
GND,C21,1,30.312136,15.843443,Pad_25,0.037402,0.037402,"Top Layer","Top Layer"
NRST,C21,2,30.312136,15.902498,Pad_25,0.037402,0.037402,"Top Layer","Top Layer"
VDD,C22,2,30.681657,16.330933,Pad_25,0.037402,0.037402,"Top Layer","Top Layer"
GND,C22,1,30.639899,16.289174,Pad_25,0.037402,0.037402,"Top Layer","Top Layer"
VDD,C23,2,30.638349,16.373754,Pad_25,0.037402,0.037402,"Top Layer","Top Layer"
GND,C23,1,30.596591,16.331996,Pad_25,0.037402,0.037402,"Top Layer","Top Layer"
VDD,C24,2,31.312183,16.487545,Pad_25,0.037402,0.037402,"Top Layer","Top Layer"
GND,C24,1,31.353942,16.445786,Pad_25,0.037402,0.037402,"Top Layer","Top Layer"
VDD,C25,2,31.355105,16.531348,Pad_25,0.037402,0.037402,"Top Layer","Top Layer"
GND,C25,1,31.396863,16.48959,Pad_25,0.037402,0.037402,"Top Layer","Top Layer"
VDD,C26,2,31.398561,16.691435,Pad_25,0.037402,0.037402,"Top Layer","Top Layer"
GND,C26,1,31.44032,16.733194,Pad_25,0.037402,0.037402,"Top Layer","Top Layer"
VDD,C27,2,31.354539,16.733883,Pad_25,0.037402,0.037402,"Top Layer","Top Layer"
GND,C27,1,31.396297,16.775642,Pad_25,0.037402,0.037402,"Top Layer","Top Layer"
VDD,C28,2,30.767066,16.244865,Pad_25,0.037402,0.037402,"Top Layer","Top Layer"
GND,C28,1,30.725307,16.203107,Pad_25,0.037402,0.037402,"Top Layer","Top Layer"
VDD,C29,2,30.725295,16.287338,Pad_25,0.037402,0.037402,"Top Layer","Top Layer"
GND,C29,1,30.683537,16.245579,Pad_25,0.037402,0.037402,"Top Layer","Top Layer"
VREFSD+,C30,2,31.657174,16.516313,Pad_25,0.037402,0.037402,"Top Layer","Top Layer"
GND,C30,1,31.657174,16.575368,Pad_25,0.037402,0.037402,"Top Layer","Top Layer"
VREFSD+,C31,2,31.595017,16.516387,Pad_25,0.037402,0.037402,"Top Layer","Top Layer"
GND,C31,1,31.595017,16.575442,Pad_25,0.037402,0.037402,"Top Layer","Top Layer"
GND,C32,2,31.39876,18.129734,Pad_25,0.037402,0.037402,"Top Layer","Top Layer"
12V,C32,1,31.39876,18.070679,Pad_25,0.037402,0.037402,"Top Layer","Top Layer"
GND,C33,2,31.460768,18.129734,Pad_25,0.037402,0.037402,"Top Layer","Top Layer"
12V,C33,1,31.460768,18.070679,Pad_25,0.037402,0.037402,"Top Layer","Top Layer"
GND,C34,2,31.52376,18.129734,Pad_25,0.037402,0.037402,"Top Layer","Top Layer"
12V,C34,1,31.52376,18.070679,Pad_25,0.037402,0.037402,"Top Layer","Top Layer"
GND,C35,2,31.888941,17.59851,Pad_25,0.037402,0.037402,"Top Layer","Top Layer"
NetC35_1,C35,1,31.829885,17.59851,Pad_25,0.037402,0.037402,"Top Layer","Top Layer"
5V,C38,2,31.961658,16.657215,Pad_25,0.037402,0.037402,"Top Layer","Top Layer"
GND,C38,1,32.020713,16.657215,Pad_25,0.037402,0.037402,"Top Layer","Top Layer"
GND,C39,2,32.340378,16.824958,Pad_25,0.037402,0.037402,"Top Layer","Top Layer"
3V3,C39,1,32.340378,16.765903,Pad_25,0.037402,0.037402,"Top Layer","Top Layer"
GND,C40,2,32.629521,16.345826,Pad_25,0.037402,0.037402,"Top Layer","Top Layer"
3V3,C40,1,32.629521,16.286771,Pad_25,0.037402,0.037402,"Top Layer","Top Layer"
3V3,C41,1,32.349764,17.795157,Pad_25,0.037402,0.037402,"Top Layer","Top Layer"
GND,C41,2,32.349764,17.854212,Pad_25,0.037402,0.037402,"Top Layer","Top Layer"
3V3,C42,1,32.638148,17.294231,Pad_25,0.037402,0.037402,"Top Layer","Top Layer"
GND,C42,2,32.638148,17.353286,Pad_25,0.037402,0.037402,"Top Layer","Top Layer"
3V3,C43,2,31.665197,16.45285,Pad_25,0.037402,0.037402,"Top Layer","Top Layer"
GND,C43,1,31.606142,16.45285,Pad_25,0.037402,0.037402,"Top Layer","Top Layer"
3V3,C44,2,31.592609,16.286415,Pad_25,0.037402,0.037402,"Top Layer","Top Layer"
GND,C44,1,31.533554,16.286415,Pad_25,0.037402,0.037402,"Top Layer","Top Layer"
3V3,C45,2,31.592628,16.167417,Pad_25,0.037402,0.037402,"Top Layer","Top Layer"
GND,C45,1,31.533573,16.167417,Pad_25,0.037402,0.037402,"Top Layer","Top Layer"
3V3,C46,2,31.593613,16.030606,Pad_25,0.037402,0.037402,"Top Layer","Top Layer"
GND,C46,1,31.534557,16.030606,Pad_25,0.037402,0.037402,"Top Layer","Top Layer"
3V3,C47,2,32.035542,16.148717,Pad_25,0.037402,0.037402,"Top Layer","Top Layer"
GND,C47,1,32.094597,16.148717,Pad_25,0.037402,0.037402,"Top Layer","Top Layer"
3V3,C48,2,31.662873,17.342326,Pad_25,0.037402,0.037402,"Top Layer","Top Layer"
GND,C48,1,31.721928,17.342326,Pad_25,0.037402,0.037402,"Top Layer","Top Layer"
3V3,C49,2,31.589921,17.174567,Pad_25,0.037402,0.037402,"Top Layer","Top Layer"
GND,C49,1,31.530866,17.174567,Pad_25,0.037402,0.037402,"Top Layer","Top Layer"
3V3,C50,2,31.589921,17.056456,Pad_25,0.037402,0.037402,"Top Layer","Top Layer"
GND,C50,1,31.530866,17.056456,Pad_25,0.037402,0.037402,"Top Layer","Top Layer"
3V3,C51,2,31.589921,16.918661,Pad_25,0.037402,0.037402,"Top Layer","Top Layer"
GND,C51,1,31.530866,16.918661,Pad_25,0.037402,0.037402,"Top Layer","Top Layer"
3V3,C52,2,32.032835,17.037755,Pad_25,0.037402,0.037402,"Top Layer","Top Layer"
GND,C52,1,32.09189,17.037755,Pad_25,0.037402,0.037402,"Top Layer","Top Layer"
NetD1_2,D1,2,32.903898,15.263326,Pad_5,0.061024,0.09252,"Top Layer","Top Layer"
24V,D1,1,32.903898,15.432618,Pad_5,0.061024,0.09252,"Top Layer","Top Layer"
24V,D3,1,29.766535,15.481439,Pad_4,0.052756,0.070866,"Top Layer","Top Layer"
Relay4,D3,2,29.879133,15.481439,Pad_4,0.052756,0.070866,"Top Layer","Top Layer"
24V,D4,1,29.766535,15.908636,Pad_4,0.052756,0.070866,"Top Layer","Top Layer"
Relay5,D4,2,29.879133,15.908636,Pad_4,0.052756,0.070866,"Top Layer","Top Layer"
24V,D5,1,29.766535,16.345882,Pad_4,0.052756,0.070866,"Top Layer","Top Layer"
Relay3,D5,2,29.879133,16.345882,Pad_4,0.052756,0.070866,"Top Layer","Top Layer"
Relay2,D6,2,29.879133,16.795991,Pad_4,0.052756,0.070866,"Top Layer","Top Layer"
24V,D6,1,29.766535,16.795991,Pad_4,0.052756,0.070866,"Top Layer","Top Layer"
NetC35_1,D8,2,31.574896,17.882913,Pad_5,0.09252,0.061024,"Top Layer","Top Layer"
12V,D8,1,31.744187,17.882913,Pad_5,0.09252,0.061024,"Top Layer","Top Layer"
VBUS,R1,2,31.061378,15.299605,Pad_7,0.03937,0.035433,"Top Layer","Top Layer"
VCC-5V,R1,1,31.061378,15.232676,Pad_7,0.03937,0.035433,"Top Layer","Top Layer"
GND,R2,2,31.127323,15.231692,Pad_7,0.03937,0.035433,"Top Layer","Top Layer"
VBUS,R2,1,31.127323,15.298621,Pad_7,0.03937,0.035433,"Top Layer","Top Layer"
NetR3_1,R3,1,31.002323,15.728739,Pad_7,0.03937,0.035433,"Top Layer","Top Layer"
NetR3_2,R3,2,31.002323,15.66181,Pad_7,0.03937,0.035433,"Top Layer","Top Layer"
NetR4_2,R4,2,30.80941,15.279223,Pad_7,0.035433,0.03937,"Top Layer","Top Layer"
VDD_3V3,R4,1,30.876339,15.279223,Pad_7,0.035433,0.03937,"Top Layer","Top Layer"
NetR5_1,R5,1,31.066299,15.728739,Pad_7,0.03937,0.035433,"Top Layer","Top Layer"
NetR5_2,R5,2,31.066299,15.66181,Pad_7,0.03937,0.035433,"Top Layer","Top Layer"
NetR6_1,R6,1,30.398437,16.724529,Pad_7,0.035433,0.03937,"Top Layer","Top Layer"
VDD,R6,2,30.445763,16.677203,Pad_7,0.035433,0.03937,"Top Layer","Top Layer"
GND,R7,1,30.303729,16.816713,Pad_7,0.035433,0.03937,"Top Layer","Top Layer"
NetR6_1,R7,2,30.351055,16.769387,Pad_7,0.035433,0.03937,"Top Layer","Top Layer"
NRST,R8,2,30.75686,15.968814,Pad_7,0.035433,0.03937,"Top Layer","Top Layer"
VDD,R8,1,30.823789,15.968814,Pad_7,0.035433,0.03937,"Top Layer","Top Layer"
NetC36_1,R9,1,31.399252,17.886895,Pad_7,0.035433,0.03937,"Top Layer","Top Layer"
NetC35_1,R9,2,31.466181,17.886895,Pad_7,0.035433,0.03937,"Top Layer","Top Layer"
NetR11_2,R11,2,31.673661,17.678633,Pad_7,0.035433,0.03937,"Top Layer","Top Layer"
NetQ1_1,R11,1,31.74059,17.678633,Pad_7,0.035433,0.03937,"Top Layer","Top Layer"
GND,R12,2,31.536145,17.742581,Pad_7,0.035433,0.03937,"Top Layer","Top Layer"
NetR11_2,R12,1,31.603074,17.742581,Pad_7,0.035433,0.03937,"Top Layer","Top Layer"
SENSOR4-IN,R14,1,32.472926,16.832906,Pad_7,0.03937,0.035433,"Top Layer","Top Layer"
NetR14_2,R14,2,32.472926,16.765977,Pad_7,0.03937,0.035433,"Top Layer","Top Layer"
SENSOR9-IN,R15,1,32.276282,16.831161,Pad_7,0.03937,0.035433,"Top Layer","Top Layer"
NetR15_2,R15,2,32.276282,16.764232,Pad_7,0.03937,0.035433,"Top Layer","Top Layer"
NetR16_2,R16,2,32.413254,17.794173,Pad_7,0.03937,0.035433,"Top Layer","Top Layer"
AUX2-IN,R16,1,32.413254,17.861102,Pad_7,0.03937,0.035433,"Top Layer","Top Layer"
NetR17_2,R17,2,32.286239,17.794764,Pad_7,0.03937,0.035433,"Top Layer","Top Layer"
PRESSURE-IN,R17,1,32.286239,17.861693,Pad_7,0.03937,0.035433,"Top Layer","Top Layer"
NetR14_2,R18,1,32.405012,16.764993,Pad_7,0.03937,0.035433,"Top Layer","Top Layer"
GND,R18,2,32.405012,16.831922,Pad_7,0.03937,0.035433,"Top Layer","Top Layer"
NetR15_2,R19,1,32.212167,16.763935,Pad_7,0.03937,0.035433,"Top Layer","Top Layer"
GND,R19,2,32.212167,16.830864,Pad_7,0.03937,0.035433,"Top Layer","Top Layer"
GND,R20,2,32.478215,17.860118,Pad_7,0.03937,0.035433,"Top Layer","Top Layer"
NetR16_2,R20,1,32.478215,17.793189,Pad_7,0.03937,0.035433,"Top Layer","Top Layer"
GND,R21,2,32.222683,17.861101,Pad_7,0.03937,0.035433,"Top Layer","Top Layer"
NetR17_2,R21,1,32.222683,17.794172,Pad_7,0.03937,0.035433,"Top Layer","Top Layer"
NetR22_2,R22,2,32.308788,16.352908,Pad_7,0.03937,0.035433,"Top Layer","Top Layer"
SENSOR1-IN,R22,1,32.308788,16.285979,Pad_7,0.03937,0.035433,"Top Layer","Top Layer"
SENSOR6-IN,R23,1,32.372659,16.285163,Pad_7,0.03937,0.035433,"Top Layer","Top Layer"
NetR23_2,R23,2,32.372659,16.352092,Pad_7,0.03937,0.035433,"Top Layer","Top Layer"
NetR24_2,R24,2,32.315813,17.362086,Pad_7,0.03937,0.035433,"Top Layer","Top Layer"
SENSOR-5V-FB,R24,1,32.315813,17.295157,Pad_7,0.03937,0.035433,"Top Layer","Top Layer"
NetR25_2,R25,2,32.379789,17.362086,Pad_7,0.03937,0.035433,"Top Layer","Top Layer"
AUX1-IN,R25,1,32.379789,17.295157,Pad_7,0.03937,0.035433,"Top Layer","Top Layer"
NetR22_2,R26,1,32.244321,16.352395,Pad_7,0.03937,0.035433,"Top Layer","Top Layer"
GND,R26,2,32.244321,16.285466,Pad_7,0.03937,0.035433,"Top Layer","Top Layer"
NetR23_2,R27,1,32.436635,16.352092,Pad_7,0.03937,0.035433,"Top Layer","Top Layer"
GND,R27,2,32.436635,16.285163,Pad_7,0.03937,0.035433,"Top Layer","Top Layer"
GND,R28,2,32.251837,17.295157,Pad_7,0.03937,0.035433,"Top Layer","Top Layer"
NetR24_2,R28,1,32.251837,17.362086,Pad_7,0.03937,0.035433,"Top Layer","Top Layer"
GND,R29,2,32.44475,17.295157,Pad_7,0.03937,0.035433,"Top Layer","Top Layer"
NetR25_2,R29,1,32.44475,17.362086,Pad_7,0.03937,0.035433,"Top Layer","Top Layer"
NetR30_2,R30,2,32.693308,16.284408,Pad_7,0.03937,0.035433,"Top Layer","Top Layer"
SENSOR7-IN,R30,1,32.693308,16.351337,Pad_7,0.03937,0.035433,"Top Layer","Top Layer"
NetR31_2,R31,2,32.566529,16.284803,Pad_7,0.03937,0.035433,"Top Layer","Top Layer"
SENSOR2-IN,R31,1,32.566529,16.351732,Pad_7,0.03937,0.035433,"Top Layer","Top Layer"
NetR32_2,R32,2,32.702125,17.293247,Pad_7,0.03937,0.035433,"Top Layer","Top Layer"
AUX3-IN,R32,1,32.702125,17.360176,Pad_7,0.03937,0.035433,"Top Layer","Top Layer"
NetR33_2,R33,2,32.575062,17.293868,Pad_7,0.03937,0.035433,"Top Layer","Top Layer"
AUX4-IN,R33,1,32.575062,17.360797,Pad_7,0.03937,0.035433,"Top Layer","Top Layer"
NetR30_2,R34,1,32.758269,16.284408,Pad_7,0.03937,0.035433,"Top Layer","Top Layer"
GND,R34,2,32.758269,16.351337,Pad_7,0.03937,0.035433,"Top Layer","Top Layer"
NetR31_2,R35,1,32.502553,16.284803,Pad_7,0.03937,0.035433,"Top Layer","Top Layer"
GND,R35,2,32.502553,16.351732,Pad_7,0.03937,0.035433,"Top Layer","Top Layer"
GND,R36,2,32.765257,17.36056,Pad_7,0.03937,0.035433,"Top Layer","Top Layer"
NetR32_2,R36,1,32.765257,17.293631,Pad_7,0.03937,0.035433,"Top Layer","Top Layer"
GND,R37,2,32.510102,17.360798,Pad_7,0.03937,0.035433,"Top Layer","Top Layer"
NetR33_2,R37,1,32.510102,17.293868,Pad_7,0.03937,0.035433,"Top Layer","Top Layer"
SENSOR0-IN,R38,1,32.594843,15.767086,Pad_7,0.03937,0.035433,"Top Layer","Top Layer"
NetR38_2,R38,2,32.594843,15.834015,Pad_7,0.03937,0.035433,"Top Layer","Top Layer"
SENSOR5-IN,R39,1,32.658819,15.767086,Pad_7,0.03937,0.035433,"Top Layer","Top Layer"
NetR39_2,R39,2,32.658819,15.834015,Pad_7,0.03937,0.035433,"Top Layer","Top Layer"
NetR40_2,R40,2,32.602017,16.832047,Pad_7,0.03937,0.035433,"Top Layer","Top Layer"
SENSOR8-IN,R40,1,32.602017,16.765118,Pad_7,0.03937,0.035433,"Top Layer","Top Layer"
NetR41_2,R41,2,32.665994,16.832047,Pad_7,0.03937,0.035433,"Top Layer","Top Layer"
SENSOR3-IN,R41,1,32.665994,16.765118,Pad_7,0.03937,0.035433,"Top Layer","Top Layer"
NetR38_2,R42,1,32.530866,15.834015,Pad_7,0.03937,0.035433,"Top Layer","Top Layer"
GND,R42,2,32.530866,15.767086,Pad_7,0.03937,0.035433,"Top Layer","Top Layer"
NetR39_2,R43,1,32.722796,15.834015,Pad_7,0.03937,0.035433,"Top Layer","Top Layer"
GND,R43,2,32.722796,15.767086,Pad_7,0.03937,0.035433,"Top Layer","Top Layer"
GND,R44,2,32.538564,16.765482,Pad_7,0.03937,0.035433,"Top Layer","Top Layer"
NetR40_2,R44,1,32.538564,16.832411,Pad_7,0.03937,0.035433,"Top Layer","Top Layer"
NetRX1_1,RX1,1,31.185394,15.439369,Pad_21,0.03937,0.03937,"Top Layer","Top Layer"
12V,TP1,1,32.336348,15.679487,Pad_21,0.03937,0.03937,"Top Layer","Top Layer"
3V3,TP3,1,31.442719,15.657696,Pad_21,0.03937,0.03937,"Top Layer","Top Layer"
VDD,TP4,1,30.903187,16.08548,Pad_21,0.03937,0.03937,"Top Layer","Top Layer"
SENSOR-5V,TP5,1,32.111435,17.702392,Pad_21,0.03937,0.03937,"Top Layer","Top Layer"
NetQ1_1,TP6,1,31.917641,17.826414,Pad_21,0.03937,0.03937,"Top Layer","Top Layer"
NetTX1_1,TX1,1,31.185394,15.518109,Pad_21,0.03937,0.03937,"Top Layer","Top Layer"
GND,U1,2,32.436378,15.022736,Pad_9,0.412992,0.329921,"Top Layer","Top Layer"
24V,U1,1,32.536378,15.424822,Pad_10,0.04,0.137953,"Top Layer","Top Layer"
12V,U1,3,32.336378,15.424822,Pad_10,0.04,0.137953,"Top Layer","Top Layer"
SENSOR2,U11,14,32.417677,16.431929,Pad_19,0.017716,0.058071,"Top Layer","Top Layer"
SENSOR2,U11,13,32.392087,16.431929,Pad_19,0.017716,0.058071,"Top Layer","Top Layer"
NetR23_2,U11,12,32.366496,16.431929,Pad_19,0.017716,0.058071,"Top Layer","Top Layer"
GND,U11,11,32.340906,16.431929,Pad_19,0.017716,0.058071,"Top Layer","Top Layer"
NetR22_2,U11,10,32.315315,16.431929,Pad_19,0.017716,0.058071,"Top Layer","Top Layer"
SENSOR3,U11,9,32.289725,16.431929,Pad_19,0.017716,0.058071,"Top Layer","Top Layer"
SENSOR3,U11,8,32.264134,16.431929,Pad_19,0.017716,0.058071,"Top Layer","Top Layer"
SENSOR0,U11,7,32.264134,16.663267,Pad_19,0.017716,0.058071,"Top Layer","Top Layer"
SENSOR0,U11,6,32.289725,16.663267,Pad_19,0.017716,0.058071,"Top Layer","Top Layer"
NetR15_2,U11,5,32.315315,16.663267,Pad_19,0.017716,0.058071,"Top Layer","Top Layer"
3V3,U11,4,32.340906,16.663267,Pad_19,0.017716,0.058071,"Top Layer","Top Layer"
NetR14_2,U11,3,32.366496,16.663267,Pad_19,0.017716,0.058071,"Top Layer","Top Layer"
SENSOR1,U11,2,32.392087,16.663267,Pad_19,0.017716,0.058071,"Top Layer","Top Layer"
SENSOR1,U11,1,32.417677,16.663267,Pad_19,0.017716,0.058071,"Top Layer","Top Layer"
SENSOR9,U12,1,32.426536,17.695275,Pad_19,0.017716,0.058071,"Top Layer","Top Layer"
SENSOR9,U12,2,32.400945,17.695275,Pad_19,0.017716,0.058071,"Top Layer","Top Layer"
NetR16_2,U12,3,32.375355,17.695275,Pad_19,0.017716,0.058071,"Top Layer","Top Layer"
3V3,U12,4,32.349764,17.695275,Pad_19,0.017716,0.058071,"Top Layer","Top Layer"
NetR17_2,U12,5,32.324173,17.695275,Pad_19,0.017716,0.058071,"Top Layer","Top Layer"
SENSOR8,U12,6,32.298583,17.695275,Pad_19,0.017716,0.058071,"Top Layer","Top Layer"
SENSOR8,U12,7,32.272992,17.695275,Pad_19,0.017716,0.058071,"Top Layer","Top Layer"
PRESSURE-OUT,U12,8,32.272992,17.463937,Pad_19,0.017716,0.058071,"Top Layer","Top Layer"
PRESSURE-OUT,U12,9,32.298583,17.463937,Pad_19,0.017716,0.058071,"Top Layer","Top Layer"
NetR24_2,U12,10,32.324173,17.463937,Pad_19,0.017716,0.058071,"Top Layer","Top Layer"
GND,U12,11,32.349764,17.463937,Pad_19,0.017716,0.058071,"Top Layer","Top Layer"
NetR25_2,U12,12,32.375355,17.463937,Pad_19,0.017716,0.058071,"Top Layer","Top Layer"
5VFB,U12,13,32.400945,17.463937,Pad_19,0.017716,0.058071,"Top Layer","Top Layer"
5VFB,U12,14,32.426536,17.463937,Pad_19,0.017716,0.058071,"Top Layer","Top Layer"
2V5,U13,48,31.960512,17.27496,Pad_22,0.058071,0.011811,"Top Layer","Top Layer"
2V5,U13,47,31.960512,17.255275,Pad_22,0.058071,0.011811,"Top Layer","Top Layer"
GND,U13,46,31.960512,17.23559,Pad_22,0.058071,0.011811,"Top Layer","Top Layer"
SENSOR8,U13,45,31.960512,17.215905,Pad_22,0.058071,0.011811,"Top Layer","Top Layer"
SENSOR9,U13,44,31.960512,17.19622,Pad_22,0.058071,0.011811,"Top Layer","Top Layer"
GND,U13,43,31.960512,17.176535,Pad_22,0.058071,0.011811,"Top Layer","Top Layer"
2V5,U13,42,31.960512,17.15685,Pad_22,0.058071,0.011811,"Top Layer","Top Layer"
2V5,U13,41,31.960512,17.137165,Pad_22,0.058071,0.011811,"Top Layer","Top Layer"
GND,U13,40,31.960512,17.11748,Pad_22,0.058071,0.011811,"Top Layer","Top Layer"
5VFB,U13,39,31.960512,17.097795,Pad_22,0.058071,0.011811,"Top Layer","Top Layer"
PRESSURE-OUT,U13,38,31.960512,17.07811,Pad_22,0.058071,0.011811,"Top Layer","Top Layer"
GND,U13,37,31.960512,17.058425,Pad_22,0.058071,0.011811,"Top Layer","Top Layer"
3V3,U13,36,31.960512,17.03874,Pad_22,0.058071,0.011811,"Top Layer","Top Layer"
2V5,U13,35,31.960512,17.019055,Pad_22,0.058071,0.011811,"Top Layer","Top Layer"
2V5,U13,34,31.960512,16.99937,Pad_22,0.058071,0.011811,"Top Layer","Top Layer"
GND,U13,33,31.960512,16.979685,Pad_22,0.058071,0.011811,"Top Layer","Top Layer"
AUX1-OUT,U13,32,31.960512,16.96,Pad_22,0.058071,0.011811,"Top Layer","Top Layer"
AUX2-OUT,U13,31,31.960512,16.940315,Pad_22,0.058071,0.011811,"Top Layer","Top Layer"
GND,U13,30,31.960512,16.920629,Pad_22,0.058071,0.011811,"Top Layer","Top Layer"
2V5,U13,29,31.960512,16.900945,Pad_22,0.058071,0.011811,"Top Layer","Top Layer"
2V5,U13,28,31.960512,16.88126,Pad_22,0.058071,0.011811,"Top Layer","Top Layer"
GND,U13,27,31.960512,16.861574,Pad_22,0.058071,0.011811,"Top Layer","Top Layer"
AUX3-OUT,U13,26,31.960512,16.841889,Pad_22,0.058071,0.011811,"Top Layer","Top Layer"
AUX4-OUT,U13,25,31.960512,16.822204,Pad_22,0.058071,0.011811,"Top Layer","Top Layer"
SELECT,U13,24,31.662244,16.822204,Pad_22,0.058071,0.011811,"Top Layer","Top Layer"
SDADC16,U13,23,31.662244,16.841889,Pad_22,0.058071,0.011811,"Top Layer","Top Layer"
GND,U13,22,31.662244,16.861574,Pad_22,0.058071,0.011811,"Top Layer","Top Layer"
SDADC31,U13,21,31.662244,16.88126,Pad_22,0.058071,0.011811,"Top Layer","Top Layer"
GND,U13,20,31.662244,16.900945,Pad_22,0.058071,0.011811,"Top Layer","Top Layer"
3V3,U13,19,31.662244,16.920629,Pad_22,0.058071,0.011811,"Top Layer","Top Layer"
GND,U13,18,31.662244,16.940315,Pad_22,0.058071,0.011811,"Top Layer","Top Layer"
SDADC32,U13,17,31.662244,16.96,Pad_22,0.058071,0.011811,"Top Layer","Top Layer"
GND,U13,16,31.662244,16.979685,Pad_22,0.058071,0.011811,"Top Layer","Top Layer"
SDADC33,U13,15,31.662244,16.99937,Pad_22,0.058071,0.011811,"Top Layer","Top Layer"
Unconnected_Net,U13,14,31.662244,17.019055,Pad_22,0.058071,0.011811,"Top Layer","Top Layer"
GND,U13,13,31.662244,17.03874,Pad_22,0.058071,0.011811,"Top Layer","Top Layer"
3V3,U13,12,31.662244,17.058425,Pad_22,0.058071,0.011811,"Top Layer","Top Layer"
GND,U13,11,31.662244,17.07811,Pad_22,0.058071,0.011811,"Top Layer","Top Layer"
SDADC34,U13,10,31.662244,17.097795,Pad_22,0.058071,0.011811,"Top Layer","Top Layer"
GND,U13,9,31.662244,17.11748,Pad_22,0.058071,0.011811,"Top Layer","Top Layer"
SDADC35,U13,8,31.662244,17.137165,Pad_22,0.058071,0.011811,"Top Layer","Top Layer"
GND,U13,7,31.662244,17.15685,Pad_22,0.058071,0.011811,"Top Layer","Top Layer"
3V3,U13,6,31.662244,17.176535,Pad_22,0.058071,0.011811,"Top Layer","Top Layer"
GND,U13,5,31.662244,17.19622,Pad_22,0.058071,0.011811,"Top Layer","Top Layer"
SDADC36,U13,4,31.662244,17.215905,Pad_22,0.058071,0.011811,"Top Layer","Top Layer"
GND,U13,3,31.662244,17.23559,Pad_22,0.058071,0.011811,"Top Layer","Top Layer"
SDADC37,U13,2,31.662244,17.255275,Pad_22,0.058071,0.011811,"Top Layer","Top Layer"
3V3,U13,1,31.662244,17.27496,Pad_22,0.058071,0.011811,"Top Layer","Top Layer"
SENSOR6,U14,14,32.705079,15.941771,Pad_19,0.017716,0.058071,"Top Layer","Top Layer"
SENSOR6,U14,13,32.679488,15.941771,Pad_19,0.017716,0.058071,"Top Layer","Top Layer"
NetR39_2,U14,12,32.653898,15.941771,Pad_19,0.017716,0.058071,"Top Layer","Top Layer"
GND,U14,11,32.628307,15.941771,Pad_19,0.017716,0.058071,"Top Layer","Top Layer"
NetR38_2,U14,10,32.602717,15.941771,Pad_19,0.017716,0.058071,"Top Layer","Top Layer"
SENSOR7,U14,9,32.577126,15.941771,Pad_19,0.017716,0.058071,"Top Layer","Top Layer"
SENSOR7,U14,8,32.551536,15.941771,Pad_19,0.017716,0.058071,"Top Layer","Top Layer"
SENSOR4,U14,7,32.551536,16.17311,Pad_19,0.017716,0.058071,"Top Layer","Top Layer"
SENSOR4,U14,6,32.577126,16.17311,Pad_19,0.017716,0.058071,"Top Layer","Top Layer"
NetR31_2,U14,5,32.602717,16.17311,Pad_19,0.017716,0.058071,"Top Layer","Top Layer"
3V3,U14,4,32.628307,16.17311,Pad_19,0.017716,0.058071,"Top Layer","Top Layer"
NetR30_2,U14,3,32.653898,16.17311,Pad_19,0.017716,0.058071,"Top Layer","Top Layer"
SENSOR5,U14,2,32.679488,16.17311,Pad_19,0.017716,0.058071,"Top Layer","Top Layer"
SENSOR5,U14,1,32.705079,16.17311,Pad_19,0.017716,0.058071,"Top Layer","Top Layer"
VBUS,VBUS,1,31.198027,15.298377,Pad_21,0.03937,0.03937,"Top Layer","Top Layer"
GND,C53,2,32.040708,17.761293,Pad_25,0.037402,0.037402,"Top Layer","Top Layer"
SENSOR-5V,C53,1,32.040708,17.702238,Pad_25,0.037402,0.037402,"Top Layer","Top Layer"
2V5,C55,2,31.961533,16.450212,Pad_25,0.037402,0.037402,"Top Layer","Top Layer"
GND,C55,1,32.020589,16.450212,Pad_25,0.037402,0.037402,"Top Layer","Top Layer"
5V,C56,2,31.731418,16.660951,Pad_25,0.037402,0.037402,"Top Layer","Top Layer"
GND,C56,1,31.672363,16.660951,Pad_25,0.037402,0.037402,"Top Layer","Top Layer"
5V,U16,1,31.73264,16.592606,Pad_24,0.059055,0.023622,"Top Layer","Top Layer"
VREFSD+,U16,2,31.73264,16.517803,Pad_24,0.059055,0.023622,"Top Layer","Top Layer"
GND,U16,3,31.807443,16.555204,Pad_24,0.059055,0.023622,"Top Layer","Top Layer"
GND,C54,2,31.978748,17.761447,Pad_25,0.037402,0.037402,"Top Layer","Top Layer"
SENSOR-5V,C54,1,31.978748,17.702392,Pad_25,0.037402,0.037402,"Top Layer","Top Layer"
Unconnected_Net,FID1,F1,29.485236,18.052792,Pad_21,0.03937,0.03937,"Top Layer","Top Layer"
Unconnected_Net,FID2,F1,29.472441,14.987569,Pad_21,0.03937,0.03937,"Top Layer","Top Layer"
GND,C57,2,33.357365,16.447089,Pad_25,0.037402,0.037402,"Top Layer","Top Layer"
SENSOR-5V,C57,1,33.357365,16.506145,Pad_25,0.037402,0.037402,"Top Layer","Top Layer"
GND,C58,2,33.357365,16.626223,Pad_25,0.037402,0.037402,"Top Layer","Top Layer"
SENSOR-5V,C58,1,33.357365,16.567168,Pad_25,0.037402,0.037402,"Top Layer","Top Layer"
3V3,C59,2,31.042732,17.441292,Pad_25,0.037402,0.037402,"Top Layer","Top Layer"
GND,C59,1,30.983677,17.441292,Pad_25,0.037402,0.037402,"Top Layer","Top Layer"
12V,C37,1,31.746156,17.980399,Pad_25,0.037402,0.037402,"Top Layer","Top Layer"
GND,C37,2,31.805211,17.980399,Pad_25,0.037402,0.037402,"Top Layer","Top Layer"
CON-IO1,C61,2,30.630897,17.380307,Pad_25,0.037402,0.037402,"Top Layer","Top Layer"
GND,C61,1,30.689952,17.380307,Pad_25,0.037402,0.037402,"Top Layer","Top Layer"
CON-IO2,C62,2,30.541071,17.38184,Pad_25,0.037402,0.037402,"Top Layer","Top Layer"
GND,C62,1,30.482016,17.38184,Pad_25,0.037402,0.037402,"Top Layer","Top Layer"
GND,C63,1,30.387367,17.386901,Pad_25,0.037402,0.037402,"Top Layer","Top Layer"
CON-IO3,C63,2,30.328312,17.386901,Pad_25,0.037402,0.037402,"Top Layer","Top Layer"
3V3,D10,1,30.712971,17.712255,Pad_26,0.082677,0.05315,"Top Layer","Top Layer"
CON-IO1,D10,2,30.712971,17.594144,Pad_26,0.082677,0.05315,"Top Layer","Top Layer"
3V3,D11,1,30.589436,17.712398,Pad_26,0.082677,0.05315,"Top Layer","Top Layer"
CON-IO2,D11,2,30.589436,17.594288,Pad_26,0.082677,0.05315,"Top Layer","Top Layer"
CON-IO3,D12,2,30.332227,17.59597,Pad_26,0.082677,0.05315,"Top Layer","Top Layer"
3V3,D12,1,30.332227,17.714081,Pad_26,0.082677,0.05315,"Top Layer","Top Layer"
CON-IO1,R13,1,30.629544,17.131076,Pad_7,0.03937,0.035433,"Top Layer","Top Layer"
GPIO1,R13,2,30.629544,17.064147,Pad_7,0.03937,0.035433,"Top Layer","Top Layer"
CON-IO2,R46,1,30.542992,17.131259,Pad_7,0.03937,0.035433,"Top Layer","Top Layer"
GPIO2,R46,2,30.542992,17.06433,Pad_7,0.03937,0.035433,"Top Layer","Top Layer"
CON-IO3,R47,1,30.328312,17.132856,Pad_7,0.03937,0.035433,"Top Layer","Top Layer"
GPIO3,R47,2,30.328312,17.065927,Pad_7,0.03937,0.035433,"Top Layer","Top Layer"
CON-IO4,R48,1,30.254238,17.132856,Pad_7,0.03937,0.035433,"Top Layer","Top Layer"
GPIO4,R48,2,30.254238,17.065927,Pad_7,0.03937,0.035433,"Top Layer","Top Layer"
GND,R49,2,30.695977,17.318357,Pad_7,0.035433,0.03937,"Top Layer","Top Layer"
CON-IO1,R49,1,30.629048,17.318357,Pad_7,0.035433,0.03937,"Top Layer","Top Layer"
CON-IO2,R50,1,30.542111,17.318314,Pad_7,0.035433,0.03937,"Top Layer","Top Layer"
GND,R50,2,30.475182,17.318314,Pad_7,0.035433,0.03937,"Top Layer","Top Layer"
CON-IO3,R51,1,30.328967,17.321733,Pad_7,0.035433,0.03937,"Top Layer","Top Layer"
GND,R51,2,30.395896,17.321733,Pad_7,0.035433,0.03937,"Top Layer","Top Layer"
SENSOR0-IN,J1,1,33.190739,15.867047,Pad_27,0.067913,0.067913,"Top Layer","Bottom Layer"
SENSOR5-IN,J1,2,33.090739,15.867047,Pad_28,0.067913,0.067913,"Top Layer","Bottom Layer"
SENSOR1-IN,J1,3,33.190739,15.967047,Pad_28,0.067913,0.067913,"Top Layer","Bottom Layer"
SENSOR6-IN,J1,4,33.090739,15.967047,Pad_28,0.067913,0.067913,"Top Layer","Bottom Layer"
SENSOR2-IN,J1,5,33.190739,16.067047,Pad_28,0.067913,0.067913,"Top Layer","Bottom Layer"
SENSOR7-IN,J1,6,33.090739,16.067047,Pad_28,0.067913,0.067913,"Top Layer","Bottom Layer"
SENSOR3-IN,J1,7,33.190739,16.167047,Pad_28,0.067913,0.067913,"Top Layer","Bottom Layer"
SENSOR8-IN,J1,8,33.090739,16.167047,Pad_28,0.067913,0.067913,"Top Layer","Bottom Layer"
SENSOR4-IN,J1,9,33.190739,16.267047,Pad_28,0.067913,0.067913,"Top Layer","Bottom Layer"
SENSOR9-IN,J1,10,33.090739,16.267047,Pad_28,0.067913,0.067913,"Top Layer","Bottom Layer"
GND,J1,11,33.190739,16.367047,Pad_28,0.067913,0.067913,"Top Layer","Bottom Layer"
SENSOR-5V-FB,J1,12,33.090739,16.367047,Pad_28,0.067913,0.067913,"Top Layer","Bottom Layer"
GND,J1,13,33.190739,16.467047,Pad_28,0.067913,0.067913,"Top Layer","Bottom Layer"
GND,J1,14,33.090739,16.467047,Pad_28,0.067913,0.067913,"Top Layer","Bottom Layer"
SENSOR-5V,J1,15,33.190739,16.567047,Pad_28,0.067913,0.067913,"Top Layer","Bottom Layer"
SENSOR-5V,J1,16,33.090739,16.567047,Pad_28,0.067913,0.067913,"Top Layer","Bottom Layer"
GND,J3,3,33.182204,17.795275,Pad_29,0.08563,0.08563,"Top Layer","Bottom Layer"
PRESSURE-IN,J3,2,33.182204,17.695275,Pad_29,0.08563,0.08563,"Top Layer","Bottom Layer"
5V,J3,1,33.182204,17.595275,Pad_30,0.08563,0.08563,"Top Layer","Bottom Layer"
VCC-5V,J7,1,30.584367,15.407875,Pad_31,0.043307,0.043307,"Top Layer","Bottom Layer"
NetD2_2,J7,2,30.4748,15.44134,Pad_31,0.043307,0.043307,"Top Layer","Bottom Layer"
NetD2_3,J7,3,30.584367,15.476773,Pad_31,0.043307,0.043307,"Top Layer","Bottom Layer"
Unconnected_Net,J7,4,30.4748,15.511221,Pad_31,0.043307,0.043307,"Top Layer","Bottom Layer"
GND,J7,5,30.584367,15.544686,Pad_31,0.043307,0.043307,"Top Layer","Bottom Layer"
GND,J7,MP1,30.526296,15.330119,Pad_?,0.062992,0.062992,"Top Layer","Bottom Layer"
GND,J7,MP2,30.52728,15.623781,Pad_?,0.062992,0.062992,"Top Layer","Bottom Layer"
RELAYCON10,J10,2,28.633859,17.581864,Pad_33,0.100394,0.100394,"Top Layer","Bottom Layer"
RELAYCON9,J10,1,28.633859,17.381864,Pad_34,0.100394,0.100394,"Top Layer","Bottom Layer"
24V,K1,6,29.650592,17.232454,Pad_35,0.064961,0.064961,"Top Layer","Bottom Layer"
RELAYCON10,K1,3,28.950788,17.52773,Pad_36,0.082677,0.082677,"Top Layer","Bottom Layer"
RELAYCON9,K1,4,29.249017,17.531667,Pad_36,0.082677,0.082677,"Top Layer","Bottom Layer"
Relay1,K1,1,29.650592,17.52773,Pad_35,0.064961,0.064961,"Top Layer","Bottom Layer"
GND,R10,3,31.224868,17.392187,Pad_37,0.048819,0.048819,"Top Layer","Bottom Layer"
GND,R10,2,31.224868,17.492187,Pad_37,0.048819,0.048819,"Top Layer","Bottom Layer"
NetC36_1,R10,1,31.224868,17.592187,Pad_37,0.048819,0.048819,"Top Layer","Bottom Layer"
NetJ11_1,J11,1,30.836887,17.24513,Pad_38,0.059055,0.059055,"Top Layer","Bottom Layer"
GND,J11,2,30.836887,17.34513,Pad_39,0.059055,0.059055,"Top Layer","Bottom Layer"
GND,J11,3,30.936887,17.24513,Pad_39,0.059055,0.059055,"Top Layer","Bottom Layer"
NRST,J11,4,30.936887,17.34513,Pad_39,0.059055,0.059055,"Top Layer","Bottom Layer"
NetJ11_5,J11,5,31.036887,17.24513,Pad_39,0.059055,0.059055,"Top Layer","Bottom Layer"
3V3,J11,6,31.036887,17.34513,Pad_39,0.059055,0.059055,"Top Layer","Bottom Layer"
CON-IO3,J12,6,30.414179,17.934004,Pad_28,0.067913,0.067913,"Top Layer","Bottom Layer"
CON-IO4,J12,5,30.414179,18.034004,Pad_28,0.067913,0.067913,"Top Layer","Bottom Layer"
CON-IO2,J12,4,30.514179,17.934004,Pad_28,0.067913,0.067913,"Top Layer","Bottom Layer"
GND,J12,3,30.514179,18.034004,Pad_28,0.067913,0.067913,"Top Layer","Bottom Layer"
CON-IO1,J12,2,30.614179,17.934004,Pad_28,0.067913,0.067913,"Top Layer","Bottom Layer"
3V3,J12,1,30.614179,18.034004,Pad_27,0.067913,0.067913,"Top Layer","Bottom Layer"
GND,J2,1,33.136303,15.463937,Pad_34,0.100394,0.100394,"Top Layer","Bottom Layer"
NetD1_2,J2,2,33.136303,15.263937,Pad_33,0.100394,0.100394,"Top Layer","Bottom Layer"
5V,J4,1,33.193124,17.045414,Pad_27,0.067913,0.067913,"Top Layer","Bottom Layer"
GND,J4,2,33.093124,17.045414,Pad_28,0.067913,0.067913,"Top Layer","Bottom Layer"
AUX1-IN,J4,3,33.193124,17.145414,Pad_28,0.067913,0.067913,"Top Layer","Bottom Layer"
AUX3-IN,J4,4,33.093124,17.145414,Pad_28,0.067913,0.067913,"Top Layer","Bottom Layer"
AUX2-IN,J4,5,33.193124,17.245414,Pad_28,0.067913,0.067913,"Top Layer","Bottom Layer"
AUX4-IN,J4,6,33.093124,17.245414,Pad_28,0.067913,0.067913,"Top Layer","Bottom Layer"
RELAYCON2,J5,2,28.632875,15.622415,Pad_33,0.100394,0.100394,"Top Layer","Bottom Layer"
RELAYCON1,J5,1,28.632875,15.422415,Pad_34,0.100394,0.100394,"Top Layer","Bottom Layer"
RELAYCON3,J6,1,28.632875,15.913557,Pad_34,0.100394,0.100394,"Top Layer","Bottom Layer"
RELAYCON4,J6,2,28.632875,16.113557,Pad_33,0.100394,0.100394,"Top Layer","Bottom Layer"
RELAYCON6,J8,2,28.633859,16.601549,Pad_33,0.100394,0.100394,"Top Layer","Bottom Layer"
RELAYCON5,J8,1,28.633859,16.401549,Pad_34,0.100394,0.100394,"Top Layer","Bottom Layer"
RELAYCON7,J9,1,28.633859,16.888524,Pad_34,0.100394,0.100394,"Top Layer","Bottom Layer"
RELAYCON8,J9,2,28.633859,17.088524,Pad_33,0.100394,0.100394,"Top Layer","Bottom Layer"
24V,K4,6,29.653544,15.473596,Pad_35,0.064961,0.064961,"Top Layer","Bottom Layer"
RELAYCON2,K4,3,28.953741,15.768872,Pad_36,0.082677,0.082677,"Top Layer","Bottom Layer"
RELAYCON1,K4,4,29.25197,15.772809,Pad_36,0.082677,0.082677,"Top Layer","Bottom Layer"
Relay4,K4,1,29.653544,15.768872,Pad_35,0.064961,0.064961,"Top Layer","Bottom Layer"
24V,K5,6,29.65256,15.908636,Pad_35,0.064961,0.064961,"Top Layer","Bottom Layer"
RELAYCON4,K5,3,28.952757,16.203911,Pad_36,0.082677,0.082677,"Top Layer","Bottom Layer"
RELAYCON3,K5,4,29.250985,16.207848,Pad_36,0.082677,0.082677,"Top Layer","Bottom Layer"
Relay5,K5,1,29.65256,16.203911,Pad_35,0.064961,0.064961,"Top Layer","Bottom Layer"
24V,K3,6,29.653544,16.34958,Pad_35,0.064961,0.064961,"Top Layer","Bottom Layer"
RELAYCON6,K3,3,28.953741,16.644856,Pad_36,0.082677,0.082677,"Top Layer","Bottom Layer"
RELAYCON5,K3,4,29.25197,16.648793,Pad_36,0.082677,0.082677,"Top Layer","Bottom Layer"
Relay3,K3,1,29.653544,16.644856,Pad_35,0.064961,0.064961,"Top Layer","Bottom Layer"
24V,K2,6,29.65256,16.794462,Pad_35,0.064961,0.064961,"Top Layer","Bottom Layer"
RELAYCON8,K2,3,28.952757,17.089738,Pad_36,0.082677,0.082677,"Top Layer","Bottom Layer"
RELAYCON7,K2,4,29.250985,17.093675,Pad_36,0.082677,0.082677,"Top Layer","Bottom Layer"
Relay2,K2,1,29.65256,17.089738,Pad_35,0.064961,0.064961,"Top Layer","Bottom Layer"
